project,protographer,images
,,COVER.png
,,Screen Shot 2019-11-01 at 10.30.13 AM.png
,,Screen Shot 2019-11-01 at 10.30.41 AM.png
,,Screen Shot 2019-11-01 at 10.31.11 AM.png
,,Screen Shot 2019-11-01 at 10.32.00 AM.png
,,Screen Shot 2019-11-01 at 12.06.07 PM.png
,,Screen Shot 2019-11-01 at 12.06.17 PM.png
,,Screen Shot 2019-11-01 at 12.06.25 PM.png
,,Screen Shot 2019-11-01 at 12.06.35 PM.png
,,Screen Shot 2019-11-01 at 12.06.41 PM.png
,,Screen Shot 2019-11-01 at 12.06.49 PM.png
,,Screen Shot 2019-11-01 at 12.06.56 PM.png
,,Screen Shot 2019-11-01 at 12.07.04 PM.png
,,Screen Shot 2019-11-01 at 12.07.14 PM.png
,,Screen Shot 2019-11-01 at 12.07.24 PM.png
,,Screen Shot 2019-11-01 at 12.07.34 PM.png
,,Screen Shot 2019-11-01 at 12.07.43 PM.png
,,Screen Shot 2019-11-01 at 12.07.51 PM.png
,,Screen Shot 2019-11-01 at 12.08.00 PM.png
,,Screen Shot 2019-11-01 at 12.08.06 PM.png
,,Screen Shot 2019-11-01 at 12.08.48 PM.png
,,Screen Shot 2019-11-01 at 12.09.03 PM.png
,,Screen Shot 2019-11-01 at 12.09.16 PM.png
,,Screen Shot 2019-11-01 at 12.09.26 PM.png
,,Screen Shot 2019-11-01 at 12.09.41 PM.png