image,caption
001_sRGB_20339 ALW SK Digital Layouts_W Logo_044C.jpg,"ALEXANDER WANG, S/S 2016 "
003_sRGB_20339 ALW SK Digital Layouts_W Logo_041C.jpg,"ALEXANDER WANG, S/S 2016 "
1.jpg,"ALEXANDER WANG, S/S 2016 "
10.jpg,
11.jpg,"HELMUT LANG, F/W 2017 "
12A.jpg,"MARC JACOBS, RESORT 2017 "
12B.jpg,"MARC JACOBS, RESORT 2017 "
12C.jpg,"MARC JACOBS, RESORT 2017 "
13.jpg,
14.jpg,
15.jpg,"BALENCIAGA, S/S 2016"
19517_BLG_Lores 72dpi_49J_02_R2F25T30_comp.jpg,"BALENCIAGA, S/S 2016 "
2.jpg,"MIU MIU, F/W 2017 "
3.jpg,"HELMUT LANG, F/W 2017 "
3693_3_R2_V2_QC_rgb_72dpi.jpg,
4.jpg,"DIOR, F/W 2016 "
5.jpg,"BALENCIAGA, S/S 2016 "
6.jpg,MARC JACOBS DECADENCE 
7.jpg,"SUPRIYA LELE, S/S 2020 "
8.jpg,"MIU MIU, F/W 2017 "
9.jpg,
ANITA3.jpg,
ANNA_EWERS.jpg,
BIANCA.jpg,
CAT_MCNEIL.jpg,
CK_Page_02.jpg,"CALVIN KLEIN JEANS, 2015 "
CK_Page_03.jpg,"CALVIN KLEIN JEANS, 2015 "
CK_Page_04.jpg,"CALVIN KLEIN JEANS, 2015"
CK_Page_05.jpg,"CALVIN KLEIN JEANS, 2015"
CK_Page_06.jpg,"CALVIN KLEIN JEANS, 2015"
CK_Page_07.jpg,"CALVIN KLEIN JEANS, 2015"
CK_Page_08.jpg,"CALVIN KLEIN JEANS, 2015"
CK_Page_09.jpg,"CALVIN KLEIN JEANS, 2015"
CK_Page_10.jpg,"CALVIN KLEIN JEANS, 2015"
CK_Page_11.jpg,"CALVIN KLEIN JEANS, 2015"
CK_Page_12.jpg,"CALVIN KLEIN JEANS, 2015"
CK_Page_13.jpg,"CALVIN KLEIN JEANS, 2015"
CK_Page_14.jpg,"CALVIN KLEIN JEANS, 2015"
CK_Page_15.jpg,"CALVIN KLEIN JEANS, 2015"
CK_Page_16.jpg,"CALVIN KLEIN JEANS, 2015"
CK_Page_17.jpg,"CALVIN KLEIN JEANS, 2015"
DAISY_LOWE.jpg,
HL_EJG_Campaign_FINAL_social_02.jpg,"HELMUT LANG, F/W 2017 "
HL_EJG_Campaign_FINAL_social_023.jpg,"HELMUT LANG, F/W 2017 "
HL_EJG_Campaign_FINAL_social_14.jpg,"HELMUT LANG, F/W 2017 "
MJ_Decadence_Magazine_DPS_1.jpg,"MARC JACOBS, RESORT 2017 "
MJ_Decadence_Magazine_DPS_2.jpg,MARC JACOBS DECADENCE 
MiuMiu_Resort2017_14.jpg,
Z.jpg,
web_20099 ALW 04G SK R5F27T30_Lores Comp Cropped.jpg,